id,name,model_id:id,group_id:id,perm_read,perm_write,perm_create,perm_unlink
access_ml_account_user,Acceso Total Cuentas ML,model_ml_account,base.group_user,1,1,1,1
access_ml_publication_user,Acceso Total Publicaciones ML,model_ml_publication,base.group_user,1,1,1,1
access_ml_sale_user,Acceso Total Ventas ML,model_ml_sale,base.group_user,1,1,1,1
access_ml_publication_image_user,Acceso Total Imágenes Publicaciones ML,model_ml_publication_image,base.group_user,1,1,1,1
access_ml_publication_attribute_user,Acceso Total Atributos Publicaciones ML,model_ml_publication_attribute,base.group_user,1,1,1,1
access_ml_publication_variant_user,Acceso Total Variantes Publicaciones ML,model_ml_publication_variant,base.group_user,1,1,1,1
access_ml_publication_variant_attribute_user,Acceso Total Atributos Variantes ML,model_ml_publication_variant_attribute,base.group_user,1,1,1,1
access_ml_match_publications_wizard_user,Acceso Wizard Matchear Publicaciones,model_ml_match_publications_wizard,base.group_user,1,1,1,1
access_ml_test_user_user,Acceso Total Usuarios Test ML,model_ml_test_user,base.group_user,1,1,1,1
access_ml_sale_line_user,Acceso Total Líneas Ventas ML,model_ml_sale_line,base.group_user,1,1,1,1
access_ml_import_orders_wizard_user,Acceso Wizard Importar Órdenes ML,model_ml_import_orders_wizard,base.group_user,1,1,1,1
access_ml_variant_warning_wizard_user,Acceso Wizard Aviso Variantes,model_ml_variant_warning_wizard,base.group_user,1,1,1,1
access_ml_webhook_notification_user,Acceso Notificaciones Webhook ML,model_ml_webhook_notification,base.group_user,1,1,1,1
